fn,site,count,type
f4bd7479dbe91f3d18f44c49,5d2709d403f801723c32bd39,107,private
d72ceac4628436a540910d98,5d2709bb03f801723c32852c,75,private
2b4bacedc942ffcb523ff20f,5d2709d403f801723c32bd39,63,private
876cd27fc8f63a2800fc3de8,5da1382d4db8ce0c98bbe92e,59,private
4affd104e0ec7a7806edfa78,5d2709b303f801723c327472,53,private
32bcee0203f7d0cac3ed504b,5da958dd46f8266d0737457b,52,private
a526dbdf164aa0a28f510c49,5d2709bb03f801723c32852c,52,private
1ab6361c3c5a94fc99e7ae68,5da958dd46f8266d0737457b,51,private
862a4ac32755d252c6948424,5da1382d4db8ce0c98bbe92e,51,private
2de4f5fea373eb7b69a84824,5d2709d403f801723c32bd39,50,private
610f2c07b26508790d1cd355,5d2709d403f801723c32bd39,48,public
35b801b06a7816dc8a77080c,5d2709bb03f801723c32852c,47,private
a4609e6c40ba7c527c8c5da2,5d2709d403f801723c32bd39,47,private
0a5c442ffa2664e89e18262d,5d2709d403f801723c32bd39,42,public
9b720b32ec8fac3b82f19ae1,5d2709bb03f801723c32852c,42,public
7316acadafc00dbfdb47ca10,5d2709d403f801723c32bd39,41,private
c816924dba6739d9c63021f7,5da1382d4db8ce0c98bbe92e,41,public
05a6d4cdf3d1eb9b5671f71b,5d2709bb03f801723c32852c,40,private
e83a1c294b5d138339149fcb,5dc8cea7659e181adb076a3f,40,private
219d400e61f8e06a066572f8,5d2709e003f801723c32d896,38,private
a424b6ad3de377df7c9e8958,5da958dd46f8266d0737457b,38,private
d670943e9fa2473914f568d4,5da958dd46f8266d0737457b,38,private
f64fb235136206764a4c23fc,5d2709d403f801723c32bd39,38,private
15d9cd90a0c1d8c0b2e060f8,5da1382d4db8ce0c98bbe92e,36,public
19e4a759bff01332b4216bda,5d2709d403f801723c32bd39,35,private
2379a535c2221d54e8caf6ff,5d2709bb03f801723c32852c,35,private
aa3bb82db66286095d941035,5da138754db8ce0c98bca82f,35,private
6ea1015ef1f27bbd15192eb6,5d2709b303f801723c327472,34,private
7987213c53131fd5bbacce4f,5dbc1d84c1eb61796cf7c010,34,private
b433961afd6c429fc2dd0971,5d2709e003f801723c32d896,34,private
852fb29bb4996d022496edcc,5da138754db8ce0c98bca82f,33,private
4ff5b9152353b3dc458992fa,5d2709b303f801723c327472,32,private
8cb1f56b74af85d3dd0efcd9,5dbc1d84c1eb61796cf7c010,32,public
d0be93dbc89e6791ec20afc9,5da138764db8ce0c98bcaa46,32,private
d6daf4cca1df91ce7f5ca2c6,5d2709d403f801723c32bd39,32,private
3e1ba2182d077b7fd17d524f,5da138b74db8ce0c98bd4774,31,private
b59c09efbc2ba31f7df1d0d1,5dbc1d84c1eb61796cf7c010,31,private
c50cc8ab7c5008f50a38e70d,5d2709b303f801723c327472,31,private
ee40c6e25fe024d5da451909,5dc8cea7659e181adb076a3f,31,private
2b9462352bb399a34091d861,5d2709d403f801723c32bd39,30,private
667e1fd9da2bfe14aafdec4b,5da138754db8ce0c98bca82f,30,private
8e577bbf235d81ce625e363a,5da958dd46f8266d0737457b,30,private
c9a69eab2313afa2086a7927,5d2709e003f801723c32d896,30,private
e7574977ef4bd5f7a8bd9751,5d2709e003f801723c32d896,30,private
408e9eacfcb439043f4ce593,5dbc1d84c1eb61796cf7c010,29,private
4dcb3e9d10defbea8e8007c2,5d27096c03f801723c31e5e0,29,private
79dbd47db3541d41acf3645c,5d2709b303f801723c327472,29,private
7d401b038d6fdb08f4f8197d,5d2709d403f801723c32bd39,29,private
9e014c6bd4f50e1256624ae5,5d2709c303f801723c3299ee,29,private
ed2caa67ce313a4baf428ace,5da138764db8ce0c98bcaa46,29,private
fdac8be560a05943aba7e41f,5d2709d403f801723c32bd39,29,private
06882da3694b7160c0f105f5,5d2709d403f801723c32bd39,28,private
26c2e2bc3d0f36109337b502,5d2709b303f801723c327472,28,private
4fbd93217986b45372ebedd4,5d27097f03f801723c320d97,28,private
659307d58a1bd977d58bc94f,5d2709c303f801723c3299ee,28,private
7861f68134d801946e3e2795,5dc8cea7659e181adb076a3f,28,private
afd41e65cb00646768654b9c,5da138754db8ce0c98bca82f,28,private
b1f1e78acfb77ad82d538183,5d2709d403f801723c32bd39,28,public
b3ddea2aa88e2015223b75a8,5dc8cea7659e181adb076a3f,28,public
eb1988b0b15be78203297cbf,5d2709d403f801723c32bd39,28,private
54b4ec188d91140a6a2ee030,5d2709e003f801723c32d896,27,private
86a46c7bf9fe29a67980b1a7,5d2709b303f801723c327472,27,public
950c991710b1054f4cd03133,5da958dd46f8266d0737457b,27,private
a7bb61478b112c3eedcbb6ed,5d2709e003f801723c32d896,27,private
cad1ea3fa0502ba1bcbebd6d,5da138b74db8ce0c98bd4774,27,private
cf505e00f50df4548ef98d05,5d27097f03f801723c320d97,27,private
07fa2d05e9b5a9841b7bfae3,5d2709bb03f801723c32852c,26,private
6ab9bfd01e48a4efe981c6b0,5dbc1d84c1eb61796cf7c010,26,public
1a2cc4c5793fa089dd58ddd1,5d2709c303f801723c3299ee,25,public
1e85728385bc83e6bb650798,5d2709d403f801723c32bd39,25,private
2edd1ed9897871186b126a68,5da1382d4db8ce0c98bbe92e,25,private
89ab0fc4e49d892ff0156dc7,5da958dd46f8266d0737457b,25,private
b7987955dad0b6685500132b,5d2709d403f801723c32bd39,25,private
d2a8a8bd9569c33bc43ec14e,5d2709bb03f801723c32852c,25,private
d7c936e862946ca5f6926512,5d27096c03f801723c31e5e0,25,private
d905d9e3a421b0ad31a8a7c0,5d27096c03f801723c31e5e0,25,private
db7b0850aed5577702f151c4,5d2709d403f801723c32bd39,25,private
dbc4e9263d1a2efd4b7b89fc,5dbc1d84c1eb61796cf7c010,25,private
de9160a4b1db66a453ebfb68,5d2709c303f801723c3299ee,25,private
f7e3f9a90a270fed8f32b3b7,5d2709e003f801723c32d896,25,private
f9f99869dad1b2021ec7a7e2,5dc8cea7659e181adb076a3f,25,public
0df4917338687fdbc93448f5,5d2709d403f801723c32bd39,24,private
40268946c8060c91109a58b7,5da138754db8ce0c98bca82f,24,private
5853ed01a28b1d938e25b2d7,5d2709bb03f801723c32852c,24,private
6dcb3e845f3cab94ca55a790,5dbc1d84c1eb61796cf7c010,24,private
71d0d1f8c3abeb9d6de37c88,5d2709bb03f801723c32852c,24,private
7a9ed75a485605db82f143d5,5d2709c303f801723c3299ee,24,private
8ca7fe022118929860699a2f,5da1382d4db8ce0c98bbe92e,24,private
a1a32c28854aeef857ef79a5,5da138b74db8ce0c98bd4774,24,private
a2627e7d41e7e1c686bb74f9,5d2709c303f801723c3299ee,24,public
adda251cb945aa23e455ab48,5da958dd46f8266d0737457b,24,private
bc253f69b5d49855785d94da,5dc8cea7659e181adb076a3f,24,private
e6fcb043744edde3b9f0559b,5dbc1d84c1eb61796cf7c010,24,private
068e4f6926e78ff6d338d2cc,5dc8cea7659e181adb076a3f,23,public
167fd824f8c93490e4714032,5d2709d403f801723c32bd39,23,private
52dc57274881463626784b21,5dc8cea7659e181adb076a3f,23,private
81532abcb8b4e11eec4a8202,5da138364db8ce0c98bc00f1,23,private
a0c05d232b01247a9ba48be0,5d2709d403f801723c32bd39,23,private
a5e437e7708788a70e8bc8ec,5d2709bb03f801723c32852c,23,private
c7ace6aca412926c8c25155e,5da138764db8ce0c98bcaa46,23,private
cb278289e8158f129e31cfcd,5d2709e003f801723c32d896,23,private
f973ee415265be4addc457b1,5da138764db8ce0c98bcaa46,23,public
4339bf75463dd4e25aa84758,5d27096c03f801723c31e5e0,22,private
73b8ae34d0038aa6dcdcd858,5dc8cea7659e181adb076a3f,22,private
9609fb2f1c62cf3b7ac08521,5d2709d403f801723c32bd39,22,private
a9cc261267276e486328a30d,5d2709e003f801723c32d896,22,public
dffd0a427bc76233ef658a1d,5d2709c303f801723c3299ee,22,private
e492f8f51c101a523a137755,5d2709b303f801723c327472,22,private
ee89473de9b2774fd7d8f029,5d2709b303f801723c327472,22,public
0dbf956c380feddc590348e0,5da138764db8ce0c98bcaa46,21,private
24fca45b67e543a4ad737709,5dbc1d84c1eb61796cf7c010,21,private
2a39636327b1f42f80bb08cd,5dbc1d84c1eb61796cf7c010,21,private
44167d3f37c95565f14a5ef4,5dbc1d84c1eb61796cf7c010,21,public
4df1cce533e2aaf6882fb638,5da138274db8ce0c98bbd3d2,21,private
500913fc93d997b6803dd6df,5d27097f03f801723c320d97,21,private
a606cb39b74b8e0d45c8c8b8,5d27097f03f801723c320d97,21,private
cfda785b67b4b17c58b911b0,5d2709bb03f801723c32852c,21,private
06832e9b9ca24ff7fe906aee,5da958dd46f8266d0737457b,20,public
18ab7e85351d03d1cd691a73,5d27097f03f801723c320d97,20,private
1d811352eaf5a17cf918d3dd,5dbc1d84c1eb61796cf7c010,20,private
2116a2a90f494f7773b550ef,5d2709bb03f801723c32852c,20,private
2ff4941b091ecb02e41997cd,5d2709e003f801723c32d896,20,private
4efb8bc8c17cfc5d9cd71c7f,5da138764db8ce0c98bcaa46,20,public
504b8655852f837f2aca36a7,5da1383b4db8ce0c98bc11ab,20,private
583b831d065fdb022cca3a0c,5dbc1d84c1eb61796cf7c010,20,private
60386b96032381bf1c7a33f6,5dbc1d84c1eb61796cf7c010,20,public
8febc00382b315a208c3d9eb,5da138754db8ce0c98bca82f,20,private
a11615477afe31e7a204287f,5da138364db8ce0c98bc00f1,20,private
a7b032ef5441a07e68f073be,5dc8cea7659e181adb076a3f,20,private
b760d372b55d88f398110f48,5d27097f03f801723c320d97,20,private
bd27a637d58beacf9a51c292,5dbc1d84c1eb61796cf7c010,20,private
dc78498813d06eff01a96320,5da138764db8ce0c98bcaa46,20,public
dde666fd35199cb019c8ea62,5da958dd46f8266d0737457b,20,private
eb4de03a42f451c11ffec60c,5dbc1d84c1eb61796cf7c010,20,private
08a29ac71fe460a44ca73b38,5d2709c303f801723c3299ee,19,private
0fee6e9fd162d281b15c11df,5d2709d403f801723c32bd39,19,private
110637c78f384710d1b3eba6,5dbc1d84c1eb61796cf7c010,19,private
2bdf91b83e265e197ac7b117,5da138764db8ce0c98bcaa46,19,private
310990c10f799a9b21cd4ff3,5da1382d4db8ce0c98bbe92e,19,private
3c0ebe929de57c5b1fc65d44,5da958dd46f8266d0737457b,19,private
3edd7d06006a5bfc1619fc0e,5da1383b4db8ce0c98bc11ab,19,private
559b85f5e7c3de56619c8853,5dc8cea7659e181adb076a3f,19,private
67bf4b03fc22542bb6d51daf,5dbc1d84c1eb61796cf7c010,19,private
6883b003fd96496e062c6ee1,5dbc1d84c1eb61796cf7c010,19,private
7121b385f2dcd034cae8c49d,5dc8cea7659e181adb076a3f,19,private
7276fac9b55aa417322e20f8,5d2709bb03f801723c32852c,19,private
9dd916c57ffba275b1baa323,5d2709e003f801723c32d896,19,public
a25f020b7571d262ff5952ed,5d27097f03f801723c320d97,19,private
b4188fc441162ab5593a7b45,5da138764db8ce0c98bcaa46,19,private
bf132134be51ec4891e9e16c,5dc8cea7659e181adb076a3f,19,private
cf5cc112ba8a1bbb6f8d93e8,5da138764db8ce0c98bcaa46,19,private
d712536c776ed08ddfcb73c6,5d27097f03f801723c320d97,19,private
da7678bc04757fa05f1f7992,5dbc1d84c1eb61796cf7c010,19,private
dcd4bfc49601637d9339808d,5d2709bb03f801723c32852c,19,private
dce5ec866b612e86ec04ac06,5da138764db8ce0c98bcaa46,19,private
e1c113233943f6191b64441c,5da1383b4db8ce0c98bc11ab,19,private
ef848c8ded4aed6c886ceaf8,5dbc1d84c1eb61796cf7c010,19,private
085e9207300765e045a942bf,5da138274db8ce0c98bbd3d2,18,private
29579192e65ea7826a727c42,5dbc1d84c1eb61796cf7c010,18,private
309c38eba30007e666cf7fd0,5da138754db8ce0c98bca82f,18,private
340f3ca472a404fbef58f8b1,5da138b74db8ce0c98bd4774,18,private
4c93f4e157d7e283547f1153,5da138b74db8ce0c98bd4774,18,private
6751305422c4e62ee256a6f0,5da138274db8ce0c98bbd3d2,18,private
7b073c01ca8b6db9a98dd11a,5da1389e4db8ce0c98bd0547,18,private
82683559aebe665bb0eebe8e,5da138754db8ce0c98bca82f,18,private
833d0a5609a088d7c15d2031,5d27096c03f801723c31e5e0,18,public
8c7c75845cfba8c2b874d2ea,5d2709bb03f801723c32852c,18,private
8cb8f0045242464f50342338,5dbc1d84c1eb61796cf7c010,18,private
9342f71811c45c856bf964c7,5d2709c303f801723c3299ee,18,private
965778109ccdb3eb34af8bf0,5da138b74db8ce0c98bd4774,18,private
9bed5343c25574e44914ef21,5da138764db8ce0c98bcaa46,18,private
a4ab6c6c78b232568f975f16,5da1389e4db8ce0c98bd0547,18,private
a850f1538a738b74d58cb9bf,5dc8cea7659e181adb076a3f,18,private
a8cf094dbb3c22d02d10e21d,5dc8cea7659e181adb076a3f,18,private
c32f4436326c9589169be1dd,5dbc1d84c1eb61796cf7c010,18,private
c49c72f7f7036cc8a661917e,5d2709d403f801723c32bd39,18,public
c61792dc8a5208a73bfea103,5d27096c03f801723c31e5e0,18,private
c694a61c01738864eacd4d5e,5dc8cea7659e181adb076a3f,18,private
cd7cbeadf3cd476110f10c14,5da138754db8ce0c98bca82f,18,private
cf5c7ff181051df6e88a5787,5dbc1d84c1eb61796cf7c010,18,private
e3d5b272b2c71179e501519e,5da1383b4db8ce0c98bc11ab,18,private
e8ed3f22ef83d9515ce36e8f,5dbc1d84c1eb61796cf7c010,18,private
f8a2489aa99b08ffddc115ec,5da1383b4db8ce0c98bc11ab,18,private
f8d84977825b44af9aa220c4,5dbc1d84c1eb61796cf7c010,18,private
291ca2c9bd7d29242b483157,5da138764db8ce0c98bcaa46,17,private
2a83a489565dfa1d77af9f51,5d2709d403f801723c32bd39,17,private
2e343fa6a9237d61d0f99ccc,5d2709c303f801723c3299ee,17,private
39cd26c8eec1b8a14a561b28,5dbc1d84c1eb61796cf7c010,17,private
3a893f2b18e85ef08567debf,5da1383b4db8ce0c98bc11ab,17,private
4aaa69d3ff7e13ed5e824aa2,5da138b74db8ce0c98bd4774,17,private
52ad8c760ff9978d0949deed,5d2709d403f801723c32bd39,17,private
5b67ae395926dc10ea314317,5da138364db8ce0c98bc00f1,17,public
6e1c6452fd95c2d3e6785f36,5dc8cea7659e181adb076a3f,17,private
78790e6e6a7e658c5e25955f,5d2709c303f801723c3299ee,17,public
89500baf14748fe9b3a82748,5da138764db8ce0c98bcaa46,17,private
8c1a179f5e2fa18a0307a9dd,5da1389e4db8ce0c98bd0547,17,private
9690a79f77581d8c60302d2c,5d2709b303f801723c327472,17,private
99ea88fcd02f1d7cb4d141bf,5d2709bb03f801723c32852c,17,private
a25a8d841f9dcb508c5ee363,5da1383b4db8ce0c98bc11ab,17,private
ad228ceb56e37f3416a910a3,5d2709b303f801723c327472,17,private
ad97a5e58725339a560c381e,5dc8cea7659e181adb076a3f,17,private
b8b2f59af006df03c9d3e0d6,5d2709e003f801723c32d896,17,private
bb938cd9fec6ef383e40f4c0,5da1383b4db8ce0c98bc11ab,17,public
c26b88f19f04117b7e4dd747,5da138754db8ce0c98bca82f,17,private
cebe97fd2e7949b281656193,5d2709c303f801723c3299ee,17,private
d817eb4bd2f39280ea1037b9,5d2709d403f801723c32bd39,17,private
e5c6641300c3ace88914ec7f,5dc8cea7659e181adb076a3f,17,private
ea0f8a9d4c8009cb6ee8f738,5dbc1d84c1eb61796cf7c010,17,private
ee1f4765f6d48f2d405b52ba,5dbc1d84c1eb61796cf7c010,17,private
ef20280811313a39e58e3a08,5dbc1d84c1eb61796cf7c010,17,public
f5fa36c503893adeb5294d52,5d2709bb03f801723c32852c,17,public
fd64de8c4a2fc5ebb0e9f412,5dc8cea7659e181adb076a3f,17,private
01c41f1aeba5c48c2c4dd568,5da138b74db8ce0c98bd4774,16,private
030b3d94de8acae7c936563d,5da138764db8ce0c98bcaa46,16,private
04029880763600640a0cf42c,5da1383b4db8ce0c98bc11ab,16,private
0d08327383a1f146a26a2a2b,5da138314db8ce0c98bbf3a0,16,private
0fb75bf676e1cddace3590d5,5da1382d4db8ce0c98bbe92e,16,private
236bb7800311ca69deeb0a16,5d2709a003f801723c3251bf,16,private
270a66500675e14fb3154c63,5dbc1d84c1eb61796cf7c010,16,private
2d17cc2d5c1660c51e00d505,5d2709d403f801723c32bd39,16,private
36e11c56d336fd708d34ac37,5d2709c303f801723c3299ee,16,private
3c972e7cbba71d1c684dd34f,5d2709b303f801723c327472,16,private
41451a862cca51c9df6bf152,5d2709a003f801723c3251bf,16,public
58279d6ab8c2213722f2ef6b,5da958dd46f8266d0737457b,16,private
698dc1d1a1885908e8fbfe4c,5d27097f03f801723c320d97,16,private
6d89334316127640cff99800,5a0546857ecc773753327266,16,private
6f705385cf0cebca4b0ca6e7,5d2709e003f801723c32d896,16,private
78beda79f100af67d5fd91e6,5da1382d4db8ce0c98bbe92e,16,private
90119ff42ce5621a5761dfdf,5da1389e4db8ce0c98bd0547,16,private
986924433ab01afa81a59e7a,5a0546857ecc773753327266,16,private
9b97a70dcbae27c225bd36f9,5d27096c03f801723c31e5e0,16,private
b03a2291b48aa904314717db,5da1382d4db8ce0c98bbe92e,16,public
bbcf74a04032515b461cb2cc,5dbc1d84c1eb61796cf7c010,16,private
bf5543efb9497b2dd44ca7da,5d27097f03f801723c320d97,16,private
c2ae6f835a79f6fd53600449,5dc8cea7659e181adb076a3f,16,private
c3913710fd39499173a055e7,5da1383b4db8ce0c98bc11ab,16,public
e2183337d2df7034a6c80cf3,5dbc1d84c1eb61796cf7c010,16,private
e3455e53350336857caf08f0,5d2709e003f801723c32d896,16,private
e8c5c09da1a03d6a980ebf8c,5d27097f03f801723c320d97,16,private
ec9f3bbadfdd3464ed3ddf28,5d2709b303f801723c327472,16,private
fa4d3f7e66fdb499255ddaf8,5d2709c303f801723c3299ee,16,public
fbd3c96ffd27e8384d298406,5dbc1d84c1eb61796cf7c010,16,private
00ff0c9a71cc37a2ebdd0f05,5da1389e4db8ce0c98bd0547,15,private
055255f16b549ed22893c0c3,5da138b74db8ce0c98bd4774,15,public
0969b6db91bb1697f99a8a21,5da138314db8ce0c98bbf3a0,15,private
0ab1b38a35a76b0e5bf2ca8d,5da138764db8ce0c98bcaa46,15,private
178d893e0fd1457ad7fdadd6,5dc8cea7659e181adb076a3f,15,private
227b32473aa440c6497e2ae9,5d2709c303f801723c3299ee,15,private
240060212e4ee62beb701c5c,5da138b74db8ce0c98bd4774,15,private
242c6ee1e520eff5ef06a45d,5da1383b4db8ce0c98bc11ab,15,public
2c5da83393691efba7f8da42,5d2709d403f801723c32bd39,15,private
34bb5da757c9c83b42e5ae63,5da138764db8ce0c98bcaa46,15,private
38876a9e9fee20526c6890bf,5d2709d403f801723c32bd39,15,private
3e61e72b06bc6f787d9b176f,5da138b74db8ce0c98bd4774,15,private
43b5cb4125a03434d3ee065d,5d27096c03f801723c31e5e0,15,private
5243b058c6691779fae7da2c,5dbc1d84c1eb61796cf7c010,15,private
5694e13f4bb0bac39806b5ae,5dc8cea7659e181adb076a3f,15,private
5b9d1b98227340deb1d6f185,5da1383b4db8ce0c98bc11ab,15,private
5f0252bc39ee6688384856d4,5d2709d403f801723c32bd39,15,private
6b58ff42c73427fdefe9d2bb,5da138b74db8ce0c98bd4774,15,private
7814e8ec13281ccf89baedc0,5da1383b4db8ce0c98bc11ab,15,private
7c19987b64849e60e831c394,5d2709d403f801723c32bd39,15,private
7caee2ed97f52218042a662f,5d2709e003f801723c32d896,15,private
9950fd1962191dfe62c8a366,5d2709a003f801723c3251bf,15,private
a57f8728343b9cb2491e6c86,5da138b74db8ce0c98bd4774,15,private
a87fa5784fd6e0791efe650a,5dbc1d84c1eb61796cf7c010,15,private
ac93c263f13fb5eda552ca97,5da138b74db8ce0c98bd4774,15,private
bb73ec8779aaa0509bea454a,5d27097f03f801723c320d97,15,public
bbe172d896a38bc15fca3062,5d27099f03f801723c32511d,15,private
c385db2d2886056b8c42a9e6,5dc8cea7659e181adb076a3f,15,public
c93b48c40c3f32e200619f99,5da138764db8ce0c98bcaa46,15,private
cb9399bab0ead661258086ae,5d2709c303f801723c3299ee,15,private
cbe53b25f9fd9c9acea1e6d1,5da138364db8ce0c98bc00f1,15,private
dbc35fa5280de4c5d553d23a,5da138b74db8ce0c98bd4774,15,private
f971e55da42b78e4d7a628e8,5d2709a003f801723c3251bf,15,private
fd4eee038c0ad7f0179e337e,5dc8cea7659e181adb076a3f,15,private
07db4eec1fc8df5040d86602,5d2709d403f801723c32bd39,14,private
0c06cc9f21d172618d74c6c8,5a0546857ecc773753327266,14,private
0ce9bd5bf8f2351bfd217774,5da138b74db8ce0c98bd4774,14,public
10f9407023d1e00bbd7274f2,5da138754db8ce0c98bca82f,14,private
2bc46d57dc3f3ba0480e9f08,5d2709b303f801723c327472,14,private
2bf1ea3f5895fbdadd5b4a74,5d2709b303f801723c327472,14,private
330b81185e5f5c5513ae7d2f,5da138314db8ce0c98bbf3a0,14,private
36c6dd1ccc482e94fa21830c,5da958dd46f8266d0737457b,14,private
39537bf344b43f10a20e060f,5da138b74db8ce0c98bd4774,14,private
39a5e60107bdf4c530130c52,5da138b74db8ce0c98bd4774,14,private
4573afa8da16a43e0e2a355f,5d2709d403f801723c32bd39,14,private
46c865d487fa011022507710,5d2709c303f801723c3299ee,14,private
4b8d3aff14914537854587c1,5da138764db8ce0c98bcaa46,14,private
5f58ff915fb692e2507cfdd5,5d27096c03f801723c31e5e0,14,private
60e0899d24db2cbaa927abcd,5d27096c03f801723c31e5e0,14,private
633b9baf7b8415ee819c26a7,5d2709e003f801723c32d896,14,private
663ad3a7b78652036aa4290d,5dc8cea7659e181adb076a3f,14,private
679845ce7fb4d5b56d6887c1,5da138754db8ce0c98bca82f,14,private
6913691fa6371ba1be81276e,5d2709a003f801723c3251bf,14,private
6fda297cb93a859000e72b70,5dbc1d84c1eb61796cf7c010,14,private
723900eb4d292e35981c3012,5da958dd46f8266d0737457b,14,private
7264eeec0a8d8aa61e51cd5f,5da1383b4db8ce0c98bc11ab,14,private
7603ac27c8a6723a333e9fb8,5dc8cea7659e181adb076a3f,14,private
7be7b7833488818f562d24aa,5da958dd46f8266d0737457b,14,private
8ccd3fc53ad2e63651de4376,5dc8cea7659e181adb076a3f,14,private
9d5db7dab58374e88b12d227,5dbc1d84c1eb61796cf7c010,14,private
a55eb4ea2b0556f96143f176,5d2709c303f801723c3299ee,14,private
b7deb644d3ec40fb81cad6e2,5d27097f03f801723c320d97,14,private
bf4fb3d50ba5202800859799,5dc8cea7659e181adb076a3f,14,public
c7eaa26e0dcb8d3680fd3c70,5dbc1d84c1eb61796cf7c010,14,private
cad7c5c53d62719991fc4c07,5da138b74db8ce0c98bd4774,14,private
cd695bf43420d73e23df3d5a,5dc8cea7659e181adb076a3f,14,private
ce09e807fef6de6b45709d9f,5da138764db8ce0c98bcaa46,14,private
cf1da59d0470e29891469f3c,5dbc1d84c1eb61796cf7c010,14,private
d6820b1b6728bdb201ab7805,5da958dd46f8266d0737457b,14,private
d6e09245089299ec8e5173e7,5a0546857ecc773753327266,14,private
dc616633d076e209c093f8ac,5da138764db8ce0c98bcaa46,14,private
e83cee96a0e4c29297699594,5d2709e003f801723c32d896,14,private
e9816721ed502a5414ee6aa4,5d2709bb03f801723c32852c,14,private
ea6f61a237dc4e79b251422a,5d27097f03f801723c320d97,14,public
eafbdd565c2e1e7650607e43,5d2709d403f801723c32bd39,14,private
eb40b68130e8aa8d7dc82c23,5da958dd46f8266d0737457b,14,public
eca017e97a25f3e4832fdb91,5da1389e4db8ce0c98bd0547,14,private
ee9be1ad62ff5b8c6a44dc3a,5da1383b4db8ce0c98bc11ab,14,private
f6eb59b252c21c171d2ce58c,5da958dd46f8266d0737457b,14,public
f95509fd9560e94d6b4d9b2d,5da138754db8ce0c98bca82f,14,private
fc99dca042a1ed67dc80a0fe,5d2709d403f801723c32bd39,14,private
fca68c2a470d254cece58870,5d2709c303f801723c3299ee,14,private
0389421238a7e2839701df0f,5dbc1d84c1eb61796cf7c010,13,public
0d4d75060f346ce93d416d01,5d27096c03f801723c31e5e0,13,private
1c99e4c566466c0d82fc2d6c,5da138764db8ce0c98bcaa46,13,private
2658f7f85981f264dd9657f0,5da1383b4db8ce0c98bc11ab,13,private
2670249c99fdb6bba41a8511,5da1383b4db8ce0c98bc11ab,13,private
2ae8bd41bbf2eb78d76d737d,5d2709c303f801723c3299ee,13,private
2fed60cb00f71d86ef78b5b4,5d27097f03f801723c320d97,13,public
35b82be00f77fc7f1d241575,5da1383b4db8ce0c98bc11ab,13,private
36481f178c4ce333acccd58e,5d2709e003f801723c32d896,13,private
3843f1ee3f43653993d60447,5d2709e003f801723c32d896,13,public
3c612b99b0f6800992eacf43,5d2709c303f801723c3299ee,13,private
4690d48f649624bdf8a09b1b,5da138764db8ce0c98bcaa46,13,private
47a960ef9f70f0b662d9d244,5dbc1d84c1eb61796cf7c010,13,private
47b83323569055e31d15a469,5da138754db8ce0c98bca82f,13,private
48dbda4179aaef31ed33c6e4,5da958dd46f8266d0737457b,13,private
4d497d31be6d37d79186717e,5d2709d403f801723c32bd39,13,private
5a0cd5dec226a90c3818ec03,5da138b74db8ce0c98bd4774,13,private
5e5ee82cd8753120756c78e4,5da1383b4db8ce0c98bc11ab,13,private
6913609ad03d8092c8b5b822,5d27096c03f801723c31e5e0,13,private
728aef201c2b68acc370b7f8,5d2709c303f801723c3299ee,13,private
7efc4326b753c9133e0b908e,5da138b74db8ce0c98bd4774,13,private
8584d22e99dc86f336173b15,5da138274db8ce0c98bbd3d2,13,private
8c1fdb5fa1bafa5b56ecc4e0,5d2709d403f801723c32bd39,13,private
8c5a946a9eeb739c2a6630ff,5da958dd46f8266d0737457b,13,public
8d348ecb29022e18299be281,5d2709d403f801723c32bd39,13,private
8edbfe4ea14f5b8fe8f47f15,5da138764db8ce0c98bcaa46,13,private
8f134b651d254092c94e855f,5d2709e003f801723c32d896,13,private
967b41cea41974071e36f31d,5d2709c303f801723c3299ee,13,private
987dedd74979b11fe4f06987,5d2709a003f801723c3251bf,13,private
9dedc3819b9ac8444b1f30f4,5d27097f03f801723c320d97,13,private
9fd3fbeb694c4b7a37c125d5,5d2709d403f801723c32bd39,13,private
a1a53ec2c1992d3947dd4480,5d2709bb03f801723c32852c,13,private
ac83e97550ad3e7396fb618b,5dbc1d84c1eb61796cf7c010,13,private
ad40d2b657a1b847b11b013f,5dbc1d84c1eb61796cf7c010,13,private
adb909f464fd9284b53dbc87,5da958dd46f8266d0737457b,13,public
aed8d49bbf0857e88e1d26b5,5da1383b4db8ce0c98bc11ab,13,private
b1181f6f7f7f4bb4ec48e5c4,5da138314db8ce0c98bbf3a0,13,private
b308a8c4ffeee07f455ffb19,5d2709bb03f801723c32852c,13,private
b406c5c925f3b64d8972b2c0,5dc8cea7659e181adb076a3f,13,private
b82e65dde03a9ff7b676fd37,5da138764db8ce0c98bcaa46,13,public
c70272750cc48acef9827dcb,5d2709b303f801723c327472,13,private
cc8cd263619bc078e1d10ebf,5da138764db8ce0c98bcaa46,13,private
dbc3537c9913889864ebe0c1,5da138b74db8ce0c98bd4774,13,private
e39b941dd2bcc2bffdc433b1,5d2709b303f801723c327472,13,private
e70ce41f2b7ce9cdb7045972,5dbc1d84c1eb61796cf7c010,13,public
e9db664dfc3a965581a24972,5d2709a003f801723c3251bf,13,private
ed240a8a5738be91c3743e7f,5da138764db8ce0c98bcaa46,13,private
efb57307a13583ba06bd099c,5da958dd46f8266d0737457b,13,private
f7ac4e6a8689647696b64804,5da1389e4db8ce0c98bd0547,13,private
f8ca6722d390d090d4974316,5d2709e003f801723c32d896,13,private
fc3a6efa90c6712df8739fc1,5da138314db8ce0c98bbf3a0,13,public
fd76cacb0312c4bd96701f09,5dbc1d84c1eb61796cf7c010,13,public
13ed7262c2b6088cd47de5ed,5da958dd46f8266d0737457b,12,public
1892ff54553115169341d72e,5d2709c303f801723c3299ee,12,private
25a8bb2034f511717c46e536,5d27096c03f801723c31e5e0,12,private
29781f56d67d950acd783d29,5da138364db8ce0c98bc00f1,12,private
2bb6f7e32d3191326d674809,5da138764db8ce0c98bcaa46,12,private
3506b3b626f494b0f0b934ca,5a0546857ecc773753327266,12,private
36b20f235015f30bcd123c86,5dbc1d84c1eb61796cf7c010,12,private
3aac7e63e395fe2902ce9bd9,5d2709bb03f801723c32852c,12,private
3e1d46017fbfcc8136bd1e9b,5a0546857ecc773753327266,12,private
40ded46d0cb2e060306b26bb,5da138754db8ce0c98bca82f,12,private
4283389c88821c3b31d07df5,5d2709bb03f801723c32852c,12,private
446d199192f9d69464b77ffd,5da1389e4db8ce0c98bd0547,12,private
44bb4250c66f06bffc554828,5d2709d403f801723c32bd39,12,private
50dfc9af184b9f9e05ef1ae2,5d2709d403f801723c32bd39,12,private
536134a5924bfa7840e315de,5da138b74db8ce0c98bd4774,12,private
536f7b36d89b921511f4fdc1,5dc8cea7659e181adb076a3f,12,public
5582270fcaee1f580de9006f,5d2709a003f801723c3251bf,12,public
5ca85be3a9fc9cd53ea8c7f1,5d2709b303f801723c327472,12,private
5df63c6ddcddaa958e520ea5,5da138764db8ce0c98bcaa46,12,public
5e4f084a93b862d00688673d,5da958dd46f8266d0737457b,12,private
60bc1c7de6f805c28228b3fe,5d2709c303f801723c3299ee,12,public
6ae5d7dfba87555bb7bd70e6,5da138314db8ce0c98bbf3a0,12,private
6b598c55272851a4185d23aa,5da138754db8ce0c98bca82f,12,private
6c9481054d611cffe044b807,5da1383b4db8ce0c98bc11ab,12,private
70123d9366c5676db1d1d0dd,5da138754db8ce0c98bca82f,12,public
72963a8c7eb520c56f88a536,5a0546857ecc773753327266,12,private
74e1f3f41374ba181468248d,5da138754db8ce0c98bca82f,12,private
75703a1e62aa93e8c56de7aa,5da138364db8ce0c98bc00f1,12,private
77cabd9a8eaaa49beb66a62b,5da1383b4db8ce0c98bc11ab,12,private
7a4c5c74672a27ba94eb9b66,5dc8cea7659e181adb076a3f,12,private
8545d8808a11f6b48d112310,5d27096c03f801723c31e5e0,12,private
854dedd673b748ac7a14c6a7,5d2709bb03f801723c32852c,12,private
8c4e95647f1f1277f434babc,5d2709d403f801723c32bd39,12,private
949b5f7dd5469b2b7c4d57b4,5d27096c03f801723c31e5e0,12,private
9a9cf9f796fae7f3f8643a04,5da958dd46f8266d0737457b,12,private
a3c5aadf824a220327e9cdc6,5a0546857ecc773753327266,12,public
aa8383281d2c90c5576bb4e7,5da138b74db8ce0c98bd4774,12,private
ad733a1791d3fdd21532677b,5d2709e003f801723c32d896,12,private
b2dd56b88cf0d00902503eba,5d2709d403f801723c32bd39,12,private
b40da1395a4ea396026ea3fa,5da138b74db8ce0c98bd4774,12,private
b51a662297b90657f0b03b44,5d2709bb03f801723c32852c,12,public
b781698c482098426072d432,5da138b74db8ce0c98bd4774,12,private
bd6637f1fa9e0074495caaca,5dbc1d84c1eb61796cf7c010,12,private
c1bee305c2d4212c18c91e4e,5d2709c303f801723c3299ee,12,private
d66110d1c177307120b5deb2,5dbc1d84c1eb61796cf7c010,12,private
dd4cbd69218f610f27cf33c8,5a0546857ecc773753327266,12,private
f0d402a465655bfc8ab41242,5d2709d403f801723c32bd39,12,private
f5868ddf1e5f4ccf9a648517,5d2709d403f801723c32bd39,12,private
f7c16e803908d3ab6ee0c603,5da1389e4db8ce0c98bd0547,12,private
fbfbf091d226818a4fc3516c,5d2709c303f801723c3299ee,12,private
0eeb9f6b6d4c8f39fb34b577,5d27096c03f801723c31e5e0,11,private
108d983b84def2bd48bdca36,5d27075f03f801723c2e360f,11,private
15a04a78926385821aa96a62,5d27096c03f801723c31e5e0,11,private
1747b3e80ba80910158c0cef,5d27096c03f801723c31e5e0,11,private
19bf3d9c5236d0f7429baa6a,5d27096c03f801723c31e5e0,11,private
1b9fb13726d1030612228aeb,5d27096c03f801723c31e5e0,11,private
2148b02cde5342187216fa75,5da138764db8ce0c98bcaa46,11,public
2ad9c59e934facf0b0245af3,5da958dd46f8266d0737457b,11,private
30ed8393bd1d301cd380c06b,5d27096c03f801723c31e5e0,11,private
3bc2ad10daefe7fc6e57bdca,5d2709e003f801723c32d896,11,private
3e0aebb66ef39150bbc27c24,5a0546857ecc773753327266,11,public
3e6892787428117fb4b061d7,5d27096c03f801723c31e5e0,11,private
472be94f5be907c04c932114,5d2709b303f801723c327472,11,private
4e7665b783a3113c7e73cb94,5d2709e003f801723c32d896,11,private
505a039e760d4875c9c2d77f,5d2709bb03f801723c32852c,11,private
6085d88383432829bafe3147,5d2709bb03f801723c32852c,11,private
66dabc484153c8102481a8e4,5da138764db8ce0c98bcaa46,11,private
672b4e3c9b09a218a4e74974,5d2709bb03f801723c32852c,11,private
673bee9ae2df0a2d44d178ec,5d27096c03f801723c31e5e0,11,private
6b6d91a5b97ed3c40c1411a7,5da958dd46f8266d0737457b,11,private
7727672abec7d70216173223,5d27097f03f801723c320d97,11,public
7bc4213a6a76c5cb03de2d69,5c3c44b80379370013e0fd2b,11,private
867c78ed47ee3fc4b30b9d59,5da1389e4db8ce0c98bd0547,11,private
8a5e440d8d110c0a3539ee9b,5da1383b4db8ce0c98bc11ab,11,private
90e36817a15d1303999b17c9,5da138364db8ce0c98bc00f1,11,private
947e17f82dbddfbdb4cb2447,5a0546857ecc773753327266,11,private
97aad1488e3b02f180a8ae09,5da958dd46f8266d0737457b,11,private
9eab95aa6e3838f3fbccf311,5dc8cea7659e181adb076a3f,11,private
a221eeef88b64a9e58c95f6f,5d2709d403f801723c32bd39,11,private
a23ca542020c3376f8da1fd9,5da1383b4db8ce0c98bc11ab,11,private
ae2dc138bd8552bf6c785377,5dc8cea7659e181adb076a3f,11,private
ae4af47ef601ee8664a18778,5d2709c303f801723c3299ee,11,private
b37fa5dff7ba5b417031990d,5da1389e4db8ce0c98bd0547,11,private
b87667c3dd21d8aa17bb6a74,5da958dd46f8266d0737457b,11,public
bfcb651b80df271b79d344dd,5d27075f03f801723c2e360f,11,private
c0f79f21ad5f32c573f98886,5da958dd46f8266d0737457b,11,public
dc5f905014579b7fb857d2f0,5d2709c303f801723c3299ee,11,private
e05290eced3105a1b99ee13a,5da138764db8ce0c98bcaa46,11,private
e1539744b6f7668a040ac968,5d2709a003f801723c3251bf,11,private
e8ba16dafb39e5cd1b38f813,5da958dd46f8266d0737457b,11,private
ed7d88f09de7395a7de74ce4,5d27096c03f801723c31e5e0,11,private
eef7be7d57a15ecb1ab3c578,5d2709b303f801723c327472,11,private
13d970ab11b767d7ae3e4ee6,5d27096c03f801723c31e5e0,10,public
146035943a1482883ed98570,5a0546857ecc773753327266,10,private
14669681607aa88e65b0d927,5da1383b4db8ce0c98bc11ab,10,private
16e7537d3cb1b1b206cf08a8,5d2709e003f801723c32d896,10,private
19ea02c9635f48c2bc7a161f,5d2709c303f801723c3299ee,10,private
2402c2005e29469cbfbf410b,5da138b74db8ce0c98bd4774,10,public
2db317d8880522bb060d0819,5d27096c03f801723c31e5e0,10,private
2f33560940ba465c8226c951,5d27096c03f801723c31e5e0,10,private
412da1891c4780f6f0f7f4bc,5a0546857ecc773753327266,10,private
438a576003e0eef20daf9c35,5da138364db8ce0c98bc00f1,10,private
49ef0e8c42428f0c67c3ed4b,5da138314db8ce0c98bbf3a0,10,private
4b3c36b97204adfe690ccb00,5d27096c03f801723c31e5e0,10,private
507749a1187be5b582671c62,5d2709d403f801723c32bd39,10,private
5727f10c5188b327a5a6a93e,5d2709b303f801723c327472,10,private
5ab7fdd5629656e684c0435a,5da138764db8ce0c98bcaa46,10,public
6fe7c294e3a47e17aeb240b2,5d2709b303f801723c327472,10,private
71675faaf4dedd23ce8e2c39,5d2709d403f801723c32bd39,10,private
76f7af4eeffffde457d018bb,5d27075f03f801723c2e360f,10,public
7d2d723a30cce824aad9915b,5a0546857ecc773753327266,10,private
7d3f0c002431353bc0a54eeb,5da138364db8ce0c98bc00f1,10,private
7d42a67573f38d52bea01679,5da958dd46f8266d0737457b,10,private
819494b56fdb3e65ef378897,5da138764db8ce0c98bcaa46,10,private
8817286b357023b71bd0b696,5d2709b303f801723c327472,10,public
89f92d1370b844b8e7644ee8,5da138754db8ce0c98bca82f,10,public
8ffb53cd60edc17b04e25a45,5da138764db8ce0c98bcaa46,10,public
9113be4094a68ba42ad9daa8,5da958dd46f8266d0737457b,10,private
97c46c1fc7ebc5930af75743,5da138314db8ce0c98bbf3a0,10,public
a2b5878c25761e552230d412,5da958dd46f8266d0737457b,10,private
a403d556f6ebc1343e0b27ee,5d2709bb03f801723c32852c,10,private
ac1a2e8f11ab64d729199969,5a0546857ecc773753327266,10,private
aec3b618b191da96f0eb2c10,5d27096c03f801723c31e5e0,10,public
b36d5f0beec291379d2181b6,5da138274db8ce0c98bbd3d2,10,private
b47cbb269b2ddf36e39572bd,5da958dd46f8266d0737457b,10,public
b8d7ddb54d74a9450d7eb17c,5d27099f03f801723c32511d,10,private
bb84ab5e77fc9f5fdbd52827,5a0546857ecc773753327266,10,public
c06224bdefec4d102f001601,5d27096c03f801723c31e5e0,10,private
c83dfe151e943e78333cec13,5d2709bb03f801723c32852c,10,private
c9f3dcee23725759730eaf32,5d27099f03f801723c32511d,10,private
ca363c1b30692cf0598bea76,5d27096c03f801723c31e5e0,10,private
dc641944142a65f5ddf845bb,5d27096c03f801723c31e5e0,10,public
dc7aab767a608ca73ea2e33b,5da138b74db8ce0c98bd4774,10,private
ea18b971347e2ce438bf4557,5da958dd46f8266d0737457b,10,private
ec9aee8ee72b1902bd83edf5,5a0546857ecc773753327266,10,private
f043e6ddf42667290fa8b239,5d27096c03f801723c31e5e0,10,private
ff141af01177f34e9caa7a12,5d2709b303f801723c327472,10,public
046cfa46be49fc10834815c6,5a0546857ecc773753327266,9,public
04b259d70f2b503f2af14c35,5d2709b303f801723c327472,9,private
0884650b5640ded8c63750fc,5d27096c03f801723c31e5e0,9,private
0b6e7a34b2a1b99280b5d3ca,5da138764db8ce0c98bcaa46,9,private
21459c30ba2ac052fed92f25,5d2709e003f801723c32d896,9,public
23b4c8eb4b41d75946285461,5d27096c03f801723c31e5e0,9,public
244c21fb418ea7e21425abde,5da958dd46f8266d0737457b,9,public
2fe9bdaed4fb3e1368e07ccc,5da138314db8ce0c98bbf3a0,9,private
3c56892f6cd0af56fe6b92e0,5da958dd46f8266d0737457b,9,private
4209447de426d0c86761703a,5d2709e003f801723c32d896,9,private
50b0a8d77c8c34368ea4bfc7,5d27096c03f801723c31e5e0,9,private
50f24c8ed539bdc44ebf1dd8,5d27096c03f801723c31e5e0,9,public
5697db90a6c6bcb3e838a2b9,5da958dd46f8266d0737457b,9,private
60d4eac93ce6283cdc6e11b6,5d2709a003f801723c3251bf,9,private
644c8ec6504fe83b80677866,5da958dd46f8266d0737457b,9,private
66744e8a5c65a748497cd7c0,5da958dd46f8266d0737457b,9,private
689ac374ec67d0f0b0fe4b0a,5d27096c03f801723c31e5e0,9,private
6b61e3eb48c15f554f18de21,5d27096c03f801723c31e5e0,9,private
7241824cc3075197e0ded020,5d27096c03f801723c31e5e0,9,private
76fa8b5e46e6dacbdc4f4f39,5da958dd46f8266d0737457b,9,private
791c96c9a472e89ec06e8a85,5da958dd46f8266d0737457b,9,private
85a41fe1d8c529c033810499,5da138754db8ce0c98bca82f,9,private
861c09b1c67351e92708f91f,5da958dd46f8266d0737457b,9,private
897457315805f1d5b209c692,5d2709a003f801723c3251bf,9,private
9217871066df2966c942b2eb,5d2709a003f801723c3251bf,9,public
98942ecbc18dc774835563aa,5d2709a003f801723c3251bf,9,private
a5b8249fca6d41f4ce1d4a02,5da958dd46f8266d0737457b,9,private
a7e5d323e7ba3df29a4bb918,5d27096c03f801723c31e5e0,9,private
b6f2d87525cec0dcd65b693c,5d2709bb03f801723c32852c,9,public
cc23760c1abbefee0791b1f2,5d27096c03f801723c31e5e0,9,private
ce80c08d743f15e6586741f6,5a0546857ecc773753327266,9,private
d0ba1a514581ead3c796490b,5da958dd46f8266d0737457b,9,private
d3402272ac97751e0e87cdf3,5da138364db8ce0c98bc00f1,9,public
db152e591fe88b82b706da8d,5da138274db8ce0c98bbd3d2,9,public
de9cef0d69383e47bd74a64c,5a0546857ecc773753327266,9,public
df4798f4f3b3c5c510e237ad,5da1389e4db8ce0c98bd0547,9,public
e52fbc1a0b00f58b565066c9,5d2709b303f801723c327472,9,private
ea777463a91a1293fc79fc52,5a0546857ecc773753327266,9,private
f1571d150cf1aafde30fd79a,5d2709a003f801723c3251bf,9,private
f75c0093a23e5653b6f6b26c,5da958dd46f8266d0737457b,9,private
f8ebbce91c3aa8870faba81e,5d2709a003f801723c3251bf,9,private
fc01ec821b1c8cf910b4b895,5da1383b4db8ce0c98bc11ab,9,private
ffcd9524c80c0fa5bb859eaf,5a0546857ecc773753327266,9,public
0412d582bb8a2c89400a1ffb,5d2709a003f801723c3251bf,8,private
053526f9012ca715313120cd,5da958dd46f8266d0737457b,8,private
05d052dde78384b0c543d89c,5a0546857ecc773753327266,8,private
17540fdca1dd0b3d5620336d,5d27096c03f801723c31e5e0,8,private
1ef2771dfea25d508142ba06,5a0546857ecc773753327266,8,private
20073e2d139310a2bae877c4,5da138314db8ce0c98bbf3a0,8,private
32e88857b1938abaebce9a76,5d2709e003f801723c32d896,8,private
3f815bfeee94086f60be0d09,5d27096c03f801723c31e5e0,8,private
44bc288dc5e6d7b2819f88c5,5d2709b303f801723c327472,8,private
491066b9356a9f968e04b09b,5da958dd46f8266d0737457b,8,private
4b38e02c59253ce02b52eec5,5da1389e4db8ce0c98bd0547,8,private
4d51d8913e1c785e0a1dddef,5d27096c03f801723c31e5e0,8,private
4f66cef6a69aaf88468f7ab7,5d2709e003f801723c32d896,8,public
4ff6a5f94782360efff2c334,5da138754db8ce0c98bca82f,8,private
52265eb3084b4e3f7b08f6ae,5da138314db8ce0c98bbf3a0,8,private
5340e354629f97c9348270c0,5da138314db8ce0c98bbf3a0,8,private
58a7b7d31f5e8898403d1607,5d27075f03f801723c2e360f,8,private
627d97e6be0e2f1f630bdb37,5c3c44b80379370013e0fd2b,8,public
6cef04795d0f3a4313958f16,5d2709e003f801723c32d896,8,private
7015c5709467b8fdb974daf4,5d27099f03f801723c32511d,8,private
89f1ea2d1e3a876af40dadac,5d2709a003f801723c3251bf,8,private
8ab34318f66dffa710ec53cd,5d2709a003f801723c3251bf,8,private
8d64c2a46bc9b91426969ef6,5d2709a003f801723c3251bf,8,private
9432b20a613c4c0a40993531,5d2709c303f801723c3299ee,8,private
9d89ba9627651adaa7fbf78f,5da138754db8ce0c98bca82f,8,private
9e001583893cabee64bf69df,5da1382d4db8ce0c98bbe92e,8,public
aa49b4006c18d1d2a28cd049,5d2709bb03f801723c32852c,8,private
b2c1f3b0b84bae349a85a76f,5d2709b303f801723c327472,8,private
bd5921cd1008382e2f537b53,5a0546857ecc773753327266,8,private
c5c86b509c716c7872e16214,5da958dd46f8266d0737457b,8,private
d148573a2b01245f06e1de50,5d27096c03f801723c31e5e0,8,private
decc9a540ad050e541a897c3,5d27096c03f801723c31e5e0,8,private
e8bf0626e27589d807a9751d,5da138274db8ce0c98bbd3d2,8,private
e91afaba9603500e8e28a454,5a0546857ecc773753327266,8,private
eeb5b1d0e23c0675e095b98a,5d2709b303f801723c327472,8,private
f1d0b39dc36699ffe5d68e4d,5da138314db8ce0c98bbf3a0,8,public
f6228876966d7dae2c39b8ca,5da138b74db8ce0c98bd4774,8,private
136d1cb5b01538b9979aedbe,5da138314db8ce0c98bbf3a0,7,private
24d83dcc0488f735862e4d3d,5da958dd46f8266d0737457b,7,private
3ca3e65a5fc44603f0c827ba,5d2709bb03f801723c32852c,7,private
3dbf5c79cfcc18eaca1a7d3b,5d27096c03f801723c31e5e0,7,private
41fb71519f03dabae411b661,5da138314db8ce0c98bbf3a0,7,private
4d4315146c8acfc8f7a20550,5d27096c03f801723c31e5e0,7,private
5258ce6a8b63b1f30d04a2d5,5d27096c03f801723c31e5e0,7,private
760075793d3822dd8bf1bf31,5d27096c03f801723c31e5e0,7,public
796c8d48da4b59d8c47d2c3a,5d2709b303f801723c327472,7,private
7e1432b1a371d5d3e8ae34d3,5d27096c03f801723c31e5e0,7,private
8304231d833d5427ff4f4da1,5d27096c03f801723c31e5e0,7,private
83ae65e7f2059dae6c015ab5,5da138314db8ce0c98bbf3a0,7,private
9cc4412ff73ec37e30be9d9f,5d27075f03f801723c2e360f,7,public
b1b61e500f46136f8ee8e94f,5c3c44b80379370013e0fd2b,7,private
bb8d876705a0d8b453791035,5d2709bb03f801723c32852c,7,private
bd0f2c8626679895f3338ca5,5a0546857ecc773753327266,7,public
c7c9d2f5113d91afa2b7e94d,5d27096c03f801723c31e5e0,7,private
d3db994677fd0e0ed62339d2,5d2709a003f801723c3251bf,7,private
d592885af4e6e380c376dc55,5a0546857ecc773753327266,7,private
eb50a89699cb96502bcbb033,5da138754db8ce0c98bca82f,7,private
f31f1f8ec42e10d23cb54ec4,5d27096c03f801723c31e5e0,7,public
049bb468e7e166e9d6370002,5da138274db8ce0c98bbd3d2,6,private
14f45baa63b4d3a700126af6,5d27096c03f801723c31e5e0,6,private
1c93cbfe9be665edd768737d,5da138314db8ce0c98bbf3a0,6,private
238a279ef92528dd92aeb2e3,5d27096c03f801723c31e5e0,6,public
346bf8f7f1c62bcb4cd6e307,5d2709b303f801723c327472,6,private
3fc0e68775cde4a5fce6cf2d,5d27096c03f801723c31e5e0,6,private
4e2aedb331c566b0e7684ffc,5d27096c03f801723c31e5e0,6,public
59cf31f3a5cd8a048a3167d5,5d27096c03f801723c31e5e0,6,private
5f4f516acba921593e55cc4b,5d2709e003f801723c32d896,6,private
81badbb3aded20c36ae22bc2,5d27099f03f801723c32511d,6,private
d95450e3be51a1d7d284a29b,5d2709d403f801723c32bd39,6,private
ed77f28aeaf89b317bc380fa,5a0546857ecc773753327266,6,private
